Observation time UTC,Frequency [D/H],Maximum Temperature [Deg C],Data Source (max temp),Minimum Temperature [Deg C],Data Source (min temp),Grass Temperature [Deg C],Data Source (grass temp),Period (max temp),Period (min temp),Period (grass temp),Mean Temperature [Deg C],Period (mean temp),Data Source (mean temp),Mean Relative Humidity [percent]
2023-11-24T20:00:00Z,D,15.3,D,4.9,D,,,24,24,,,,,
2023-11-25T20:00:00Z,D,17.1,D,8.1,D,,,24,24,,,,,
2023-11-26T20:00:00Z,D,16.8,D,7.8,D,,,24,24,,,,,
2023-11-27T20:00:00Z,D,16.4,D,8.7,D,,,24,24,,,,,
2023-11-28T20:00:00Z,D,16.3,D,9.9,D,,,24,24,,,,,
2023-11-29T20:00:00Z,D,16.9,D,7.7,D,,,24,24,,,,,
2023-11-30T20:00:00Z,D,15.3,D,5.4,D,,,24,24,,,,,
2023-12-01T20:00:00Z,D,18.3,D,11.1,D,,,24,24,,,,,
2023-12-02T20:00:00Z,D,17.2,D,12.2,D,,,24,24,,,,,
2023-12-03T20:00:00Z,D,15.8,D,12.9,D,,,24,24,,,,,
2023-12-04T20:00:00Z,D,18.4,D,12.6,D,,,24,24,,,,,
2023-12-05T20:00:00Z,D,15.8,D,11.2,D,,,24,24,,,,,
2023-12-06T20:00:00Z,D,19,D,10.6,D,,,24,24,,,,,
2023-12-08T20:00:00Z,D,19.5,D,6.9,D,,,24,24,,,,,
2023-12-09T20:00:00Z,D,20.2,D,10.2,D,,,24,24,,,,,
2023-12-10T20:00:00Z,D,17.6,D,10.7,D,,,24,24,,,,,
2023-12-11T20:00:00Z,D,18.9,D,8.4,D,,,24,24,,,,,
2023-12-12T20:00:00Z,D,15.8,D,8.3,D,,,24,24,,,,,
2023-12-13T20:00:00Z,D,14.3,D,9.8,D,,,24,24,,,,,
2023-12-14T20:00:00Z,D,17.1,D,10.4,D,,,24,24,,,,,
2023-12-15T20:00:00Z,D,16.6,D,8.1,D,,,24,24,,,,,
2023-12-16T20:00:00Z,D,20.2,D,7.1,D,,,24,24,,,,,
2023-12-17T20:00:00Z,D,22,D,13,D,,,24,24,,,,,
2023-12-18T20:00:00Z,D,20.9,D,11.7,D,,,24,24,,,,,
2023-12-19T20:00:00Z,D,22.7,D,13.9,D,,,24,24,,,,,
2023-12-20T20:00:00Z,D,22.5,D,10.1,D,,,24,24,,,,,
2023-12-21T20:00:00Z,D,23.3,D,10,D,,,24,24,,,,,
2023-12-22T20:00:00Z,D,22.3,D,14.5,D,,,24,24,,,,,
2023-12-23T20:00:00Z,D,22.4,D,16,D,,,24,24,,,,,
2023-12-24T20:00:00Z,D,18.8,D,16.1,D,,,24,24,,,,,
2023-12-25T20:00:00Z,D,19.5,D,16.2,D,,,24,24,,,,,
2023-12-26T20:00:00Z,D,22.8,D,14.1,D,,,24,24,,,,,
2023-12-27T20:00:00Z,D,23,D,13,D,,,24,24,,,,,
2023-12-28T20:00:00Z,D,20.7,D,14.6,D,,,24,24,,,,,
2023-12-29T20:00:00Z,D,18.6,D,16.6,D,,,24,24,,,,,
2023-12-30T20:00:00Z,D,21.8,D,16.8,D,,,24,24,,,,,
2023-12-31T20:00:00Z,D,21.9,D,11.9,D,,,24,24,,,,,
2024-01-01T20:00:00Z,D,17.9,D,8.4,D,,,24,24,,,,,
2024-01-02T20:00:00Z,D,20.2,D,8.7,D,,,24,24,,,,,
2024-01-03T20:00:00Z,D,21.4,D,10.7,D,,,24,24,,,,,
2024-01-04T20:00:00Z,D,21,D,14,D,,,24,24,,,,,
2024-01-05T20:00:00Z,D,20.5,D,11,D,,,24,24,,,,,
2024-01-06T20:00:00Z,D,20.3,D,11.8,D,,,24,24,,,,,
2024-01-07T20:00:00Z,D,19.9,D,13.8,D,,,24,24,,,,,
2024-01-08T20:00:00Z,D,21.8,D,12.8,D,,,24,24,,,,,
2024-01-09T20:00:00Z,D,22.7,D,11.4,D,,,24,24,,,,,
2024-01-10T20:00:00Z,D,23.5,D,13.7,D,,,24,24,,,,,
2024-01-11T20:00:00Z,D,23.3,D,12.4,D,,,24,24,,,,,
2024-01-12T20:00:00Z,D,24.9,D,10.3,D,,,24,24,,,,,
2024-01-13T20:00:00Z,D,24.4,D,15.1,D,,,24,24,,,,,
2024-01-14T20:00:00Z,D,23.7,D,16.9,D,,,24,24,,,,,
2024-01-15T20:00:00Z,D,20.1,D,14.5,D,,,24,24,,,,,
2024-01-16T20:00:00Z,D,23.9,D,15.7,D,,,24,24,,,,,
2024-01-17T20:00:00Z,D,24.6,D,16.3,D,,,24,24,,,,,
2024-01-18T20:00:00Z,D,24.3,D,15.7,D,,,24,24,,,,,
2024-01-19T20:00:00Z,D,22.5,D,17.4,D,,,24,24,,,,,
2024-01-20T20:00:00Z,D,24.6,D,11.5,D,,,24,24,,,,,
2024-01-21T20:00:00Z,D,25.5,D,17.1,D,,,24,24,,,,,
2024-01-22T20:00:00Z,D,24.6,D,17,D,,,24,24,,,,,
2024-01-23T20:00:00Z,D,22.9,D,11.2,D,,,24,24,,,,,
2024-01-24T20:00:00Z,D,18.7,D,9,D,,,24,24,,,,,
2024-01-25T20:00:00Z,D,23,D,8.6,D,,,24,24,,,,,
2024-01-26T20:00:00Z,D,21.8,D,9.6,D,,,24,24,,,,,
2024-01-27T20:00:00Z,D,18.4,D,14.4,D,,,24,24,,,,,
2024-01-28T20:00:00Z,D,19,D,12.3,D,,,24,24,,,,,
2024-01-30T20:00:00Z,D,26,D,16,D,,,24,24,,21,24,D,
2024-01-31T20:00:00Z,D,25.1,D,13.8,D,,,24,24,,19.5,24,D,
2024-02-01T20:00:00Z,D,22.3,D,12.8,D,,,24,24,,17.6,24,D,
2024-02-02T20:00:00Z,D,20.5,D,11.4,D,,,24,24,,16,24,D,
2024-02-03T20:00:00Z,D,15.7,D,10,D,,,24,24,,12.9,24,D,
2024-02-04T20:00:00Z,D,19.2,D,10.2,D,,,24,24,,14.7,24,D,
2024-02-05T20:00:00Z,D,23.6,D,10.2,D,,,24,24,,16.9,24,D,
2024-02-06T20:00:00Z,D,24.1,D,11.1,D,,,24,24,,17.6,24,D,
2024-02-07T20:00:00Z,D,24.1,D,10.5,D,,,24,24,,17.3,24,D,
2024-02-08T20:00:00Z,D,24.8,D,14,D,,,24,24,,19.4,24,D,
2024-02-09T20:00:00Z,D,23,D,15.2,D,,,24,24,,19.1,24,D,
2024-02-10T20:00:00Z,D,23.2,D,10.6,D,,,24,24,,16.9,24,D,
2024-02-11T20:00:00Z,D,18.7,D,7.4,D,,,24,24,,13.1,24,D,
2024-02-12T20:00:00Z,D,20.9,D,6.9,D,,,24,24,,13.9,24,D,
2024-02-13T20:00:00Z,D,20.9,D,7.5,D,,,24,24,,14.2,24,D,
2024-02-14T20:00:00Z,D,23.1,D,8.4,D,,,24,24,,15.8,24,D,
2024-02-15T20:00:00Z,D,23.3,D,11.9,D,,,24,24,,17.6,24,D,
2024-02-16T20:00:00Z,D,26.1,D,11.2,D,,,24,24,,18.7,24,D,
2024-02-17T20:00:00Z,D,22.1,D,8.1,D,,,24,24,,15.1,24,D,
2024-02-18T20:00:00Z,D,22.4,D,10.6,D,,,24,24,,16.5,24,D,
2024-02-19T20:00:00Z,D,24,D,14.6,D,,,24,24,,19.3,24,D,
2024-02-20T20:00:00Z,D,21.6,D,10,D,,,24,24,,15.8,24,D,
2024-02-21T20:00:00Z,D,21,D,9,D,,,24,24,,15,24,D,
2024-02-22T20:00:00Z,D,22.7,D,12,D,,,24,24,,17.4,24,D,
2024-02-23T20:00:00Z,D,20.6,D,9.4,D,,,24,24,,15,24,D,
2024-02-24T20:00:00Z,D,23.6,D,16.2,D,,,24,24,,19.9,24,D,
2024-02-25T20:00:00Z,D,19.7,D,13.8,D,,,24,24,,16.8,24,D,
2024-02-26T20:00:00Z,D,17.1,D,14.2,D,,,24,24,,15.7,24,D,
2024-02-27T20:00:00Z,D,17.7,D,8.1,D,,,24,24,,12.9,24,D,
2024-02-28T20:00:00Z,D,22,D,12.3,D,,,24,24,,17.2,24,D,
2024-02-29T20:00:00Z,D,22.6,D,8.6,D,,,24,24,,15.6,24,D,
2024-03-01T20:00:00Z,D,20.8,D,11,D,,,24,24,,15.9,24,D,
2024-03-02T20:00:00Z,D,20.1,D,13.9,D,,,24,24,,17,24,D,
2024-03-03T20:00:00Z,D,16.8,D,13.8,D,,,24,24,,15.3,24,D,
2024-03-04T20:00:00Z,D,18,D,10,D,,,24,24,,14,24,D,
2024-03-05T20:00:00Z,D,15.7,D,8.7,D,,,24,24,,12.2,24,D,
2024-03-06T20:00:00Z,D,17.9,D,6,D,,,24,24,,12,24,D,
2024-03-07T20:00:00Z,D,15.6,D,11.6,D,,,24,24,,13.6,24,D,
2024-03-08T20:00:00Z,D,19.6,D,9.6,D,,,24,24,,14.6,24,D,
2024-03-09T20:00:00Z,D,18.4,D,10.7,D,,,24,24,,14.5,24,D,
2024-03-10T20:00:00Z,D,20.4,D,9.1,D,,,24,24,,14.8,24,D,
2024-03-11T20:00:00Z,D,18.3,D,12.7,D,,,24,24,,15.5,24,D,
2024-03-12T20:00:00Z,D,17.7,D,14.4,D,,,24,24,,16.1,24,D,
2024-03-13T20:00:00Z,D,19.7,D,13.2,D,,,24,24,,16.5,24,D,
2024-03-14T20:00:00Z,D,20.4,D,13.5,D,,,24,24,,17,24,D,
2024-03-15T20:00:00Z,D,15.4,D,8,D,,,24,24,,11.7,24,D,
2024-03-16T20:00:00Z,D,16.1,D,5.4,D,,,24,24,,10.8,24,D,
2024-03-17T20:00:00Z,D,16.8,D,7.6,D,,,24,24,,12.2,24,D,
2024-03-18T20:00:00Z,D,17.6,D,9.1,D,,,24,24,,13.4,24,D,
2024-03-19T20:00:00Z,D,17.7,D,7,D,,,24,24,,12.4,24,D,
2024-03-20T20:00:00Z,D,16.9,D,4.3,D,,,24,24,,10.6,24,D,
2024-03-21T20:00:00Z,D,17.3,D,3.4,D,,,24,24,,10.3,24,D,
2024-03-22T20:00:00Z,D,17.2,D,7.4,D,,,24,24,,12.3,24,D,
2024-03-23T20:00:00Z,D,14.9,D,9.4,D,,,24,24,,12.2,24,D,
2024-03-24T20:00:00Z,D,18.1,D,11,D,,,24,24,,14.6,24,D,
2024-03-25T20:00:00Z,D,17.6,D,13,D,,,24,24,,15.3,24,D,
2024-03-26T20:00:00Z,D,19.2,D,13.4,D,,,24,24,,16.3,24,D,
2024-03-27T20:00:00Z,D,18.2,D,10.4,D,,,24,24,,14.3,24,D,
2024-03-28T20:00:00Z,D,17,D,9.2,D,,,24,24,,13.1,24,D,
2024-03-29T20:00:00Z,D,14.3,D,4.6,D,,,24,24,,9.5,24,D,
2024-03-30T20:00:00Z,D,15.5,D,3.8,D,,,24,24,,9.7,24,D,
2024-03-31T20:00:00Z,D,16.5,D,7.3,D,,,24,24,,11.9,24,D,
2024-04-01T20:00:00Z,D,16.9,D,9,D,,,24,24,,13,24,D,
2024-04-02T20:00:00Z,D,17.9,D,6.2,D,,,24,24,,12,24,D,
2024-04-03T20:00:00Z,D,19.6,D,11.7,D,,,24,24,,15.7,24,D,
2024-04-04T20:00:00Z,D,18,D,10.9,D,,,24,24,,14.5,24,D,
2024-04-05T20:00:00Z,D,15.9,D,9.5,D,,,24,24,,12.7,24,D,
2024-04-06T21:00:00Z,D,17.9,D,11.3,D,,,24,24,,14.6,24,D,
2024-04-07T21:00:00Z,D,15.5,D,9.4,D,,,24,24,,12.5,24,D,
2024-04-08T21:00:00Z,D,17.9,D,11.3,D,,,24,24,,14.6,24,D,
2024-04-09T21:00:00Z,D,17.5,D,13.4,D,,,24,24,,15.5,24,D,
2024-04-10T21:00:00Z,D,19.3,D,15.4,D,,,24,24,,17.3,24,D,
2024-04-11T21:00:00Z,D,17.1,D,14.7,D,,,24,24,,15.9,24,D,
2024-04-12T21:00:00Z,D,16.9,D,9.8,D,,,24,24,,13.4,24,D,
2024-04-13T21:00:00Z,D,15.4,D,10.2,D,,,24,24,,12.8,24,D,
2024-04-14T21:00:00Z,D,16.4,D,7.4,D,,,24,24,,11.9,24,D,
2024-04-15T21:00:00Z,D,16.1,D,9.9,D,,,24,24,,13,24,D,93
2024-04-16T21:00:00Z,D,16.1,D,10.2,D,,,24,24,,13.2,24,D,94
2024-04-17T21:00:00Z,D,16.5,D,10,D,,,24,24,,13.3,24,D,94
2024-04-18T21:00:00Z,D,16.1,D,11.2,D,,,24,24,,13.7,24,D,94
2024-04-19T21:00:00Z,D,18,D,11.8,D,,,24,24,,14.9,24,D,94
2024-04-20T21:00:00Z,D,16.1,D,12.9,D,,,24,24,,14.5,24,D,100
2024-04-21T21:00:00Z,D,15,D,10.5,D,,,24,24,,12.8,24,D,95
2024-04-22T21:00:00Z,D,15.7,D,9.3,D,,,24,24,,12.5,24,D,91
2024-04-23T21:00:00Z,D,17.2,D,5.1,D,,,24,24,,11.2,24,D,89
2024-04-24T21:00:00Z,D,15,D,4,D,,,24,24,,9.5,24,D,85
2024-04-25T21:00:00Z,D,14.8,D,11.8,D,,,24,24,,13.3,24,D,94
2024-04-26T21:00:00Z,D,15.1,D,5.4,D,,,24,24,,10.3,24,D,88
2024-04-27T21:00:00Z,D,13.6,D,4.1,D,,,24,24,,8.9,24,D,85
2024-04-28T21:00:00Z,D,15.5,D,8.1,D,,,24,24,,11.8,24,D,73
2024-04-29T21:00:00Z,D,14.2,D,9.1,D,,,24,24,,11.7,24,D,89
2024-04-30T21:00:00Z,D,16.8,D,7.7,D,,,24,24,,12.3,24,D,83
2024-05-01T21:00:00Z,D,16.2,D,8.3,D,,,24,24,,12.3,24,D,88
2024-05-02T21:00:00Z,D,12,D,6.1,D,,,24,24,,9.1,24,D,94
2024-05-03T21:00:00Z,D,13.8,D,5.1,D,,,24,24,,9.5,24,D,90
2024-05-04T21:00:00Z,D,15,D,3.2,D,,,24,24,,9.1,24,D,90
2024-05-05T21:00:00Z,D,15.9,D,7.5,D,,,24,24,,11.7,24,D,85
2024-05-06T21:00:00Z,D,15.6,D,7.5,D,,,24,24,,11.6,24,D,93
2024-05-07T21:00:00Z,D,12.6,D,4.4,D,,,24,24,,8.5,24,D,78
2024-05-08T21:00:00Z,D,13.7,D,2.9,D,,,24,24,,8.3,24,D,75
2024-05-09T21:00:00Z,D,12.3,D,0.2,D,,,24,24,,6.3,24,D,69
2024-05-10T21:00:00Z,D,10.3,D,0.4,D,,,24,24,,5.4,24,D,78
2024-05-11T21:00:00Z,D,11.4,D,-1.1,D,,,24,24,,5.1,24,D,85
2024-05-12T21:00:00Z,D,13.1,D,5.3,D,,,24,24,,9.2,24,D,83
2024-05-13T21:00:00Z,D,13.2,D,1.9,D,,,24,24,,7.5,24,D,95
2024-05-14T21:00:00Z,D,14,D,8.2,D,,,24,24,,11.1,24,D,94
2024-05-15T21:00:00Z,D,15.1,D,10,D,,,24,24,,12.6,24,D,96
2024-05-16T21:00:00Z,D,14.1,D,8.1,D,,,24,24,,11.1,24,D,95
2024-05-17T21:00:00Z,D,14.2,D,2.8,D,,,24,24,,8.5,24,D,89
2024-05-18T21:00:00Z,D,13.5,D,1.9,D,,,24,24,,7.7,24,D,90
2024-05-19T21:00:00Z,D,13.8,D,4.6,D,,,24,24,,9.2,24,D,82
2024-05-20T21:00:00Z,D,14.3,D,10.8,D,,,24,24,,12.6,24,D,94
2024-05-21T21:00:00Z,D,12.8,D,8.9,D,,,24,24,,10.9,24,D,99
2024-05-22T21:00:00Z,D,16,D,6.8,D,,,24,24,,11.4,24,D,86
2024-05-23T21:00:00Z,D,14.1,D,4.8,D,,,24,24,,9.5,24,D,94
2024-05-24T21:00:00Z,D,11.8,D,6.6,D,,,24,24,,9.2,24,D,97
2024-05-25T21:00:00Z,D,11.3,D,7.6,D,,,24,24,,9.5,24,D,93
2024-05-26T21:00:00Z,D,12.2,D,7.7,D,,,24,24,,10,24,D,94
2024-05-27T21:00:00Z,D,10.9,D,6,D,,,24,24,,8.5,24,D,98
2024-05-28T21:00:00Z,D,11.2,D,6.4,D,,,24,24,,8.8,24,D,94
2024-05-29T21:00:00Z,D,10.1,D,4.5,D,,,24,24,,7.3,24,D,92
2024-05-30T21:00:00Z,D,12.4,D,8.4,D,,,24,24,,10.4,24,D,89
2024-05-31T21:00:00Z,D,14.1,D,8.8,D,,,24,24,,11.5,24,D,90
2024-06-01T21:00:00Z,D,13.4,D,9.5,D,,,24,24,,11.5,24,D,94
2024-06-02T21:00:00Z,D,14.8,D,10.4,D,,,24,24,,12.6,24,D,97
2024-06-03T21:00:00Z,D,14.5,D,3.5,D,,,24,24,,9,24,D,95
2024-06-04T21:00:00Z,D,13.8,D,4.7,D,,,24,24,,9.3,24,D,75
2024-06-05T21:00:00Z,D,12.8,D,8.2,D,,,24,24,,10.5,24,D,85
2024-06-06T21:00:00Z,D,13.2,D,9.4,D,,,24,24,,11.3,24,D,83
2024-06-07T21:00:00Z,D,13.1,D,7.4,D,,,24,24,,10.3,24,D,92
2024-06-08T21:00:00Z,D,16.4,D,9.7,D,,,24,24,,13,24,D,92
2024-06-09T21:00:00Z,D,14.9,D,11.2,D,,,24,24,,13,24,D,99
2024-06-10T21:00:00Z,D,13.6,D,9.8,D,,,24,24,,11.7,24,D,98
2024-06-11T21:00:00Z,D,12,D,5.7,D,,,24,24,,8.9,24,D,89
2024-06-12T21:00:00Z,D,10.2,D,4.7,D,,,24,24,,7.5,24,D,89
2024-06-13T21:00:00Z,D,12.8,D,8.5,D,,,24,24,,10.7,24,D,94
2024-06-14T21:00:00Z,D,13.5,D,6.8,D,,,24,24,,10.2,24,D,97
2024-06-15T21:00:00Z,D,12,D,7.5,D,,,24,24,,9.8,24,D,90
2024-06-16T21:00:00Z,D,14.3,D,9.8,D,,,24,24,,12.1,24,D,91
2024-06-17T21:00:00Z,D,13.5,D,7.8,D,,,24,24,,10.7,24,D,96
2024-06-18T21:00:00Z,D,15.3,D,8.3,D,,,24,24,,11.8,24,D,88
2024-06-19T21:00:00Z,D,11.5,D,6.9,D,,,24,24,,9.2,24,D,85
2024-06-20T21:00:00Z,D,10.4,D,6.2,D,,,24,24,,8.3,24,D,89
2024-06-21T21:00:00Z,D,12.1,D,7.1,D,,,24,24,,9.6,24,D,86
2024-06-22T21:00:00Z,D,13,D,8.5,D,,,24,24,,10.8,24,D,93
2024-06-23T21:00:00Z,D,13.8,D,2.6,D,,,24,24,,8.2,24,D,99
2024-06-24T21:00:00Z,D,12.6,D,6.5,D,,,24,24,,9.6,24,D,95
2024-06-25T21:00:00Z,D,12,D,7.7,D,,,24,24,,9.9,24,D,90
2024-06-26T21:00:00Z,D,12.6,D,5.4,D,,,24,24,,9,24,D,85
2024-06-27T21:00:00Z,D,12.5,D,3.5,D,,,24,24,,8,24,D,79
2024-06-28T21:00:00Z,D,13.2,D,2.3,D,,,24,24,,7.8,24,D,89
2024-06-29T21:00:00Z,D,11.6,D,5.7,D,,,24,24,,8.7,24,D,94
2024-06-30T21:00:00Z,D,11.7,D,3.7,D,,,24,24,,7.7,24,D,90
2024-07-01T21:00:00Z,D,11.7,D,7.7,D,,,24,24,,9.7,24,D,97
2024-07-02T21:00:00Z,D,10.7,D,5.5,D,,,24,24,,8.1,24,D,93
2024-07-03T21:00:00Z,D,11.3,D,0.3,D,,,24,24,,5.8,24,D,90
2024-07-04T21:00:00Z,D,9.6,D,-1.3,D,,,24,24,,4.2,24,D,81
2024-07-05T21:00:00Z,D,9.9,D,2.8,D,,,24,24,,6.4,24,D,82
2024-07-06T21:00:00Z,D,9.8,D,1,D,,,24,24,,5.4,24,D,92
2024-07-07T21:00:00Z,D,10,D,5.8,D,,,24,24,,7.9,24,D,96
2024-07-08T21:00:00Z,D,12.2,D,3.1,D,,,24,24,,7.6,24,D,95
2024-07-09T21:00:00Z,D,12.9,D,1.3,D,,,24,24,,7.1,24,D,86
2024-07-10T21:00:00Z,D,12.8,D,0,D,,,24,24,,6.4,24,D,89
2024-07-11T21:00:00Z,D,10.5,D,-1.5,D,,,24,24,,4.5,24,D,89
2024-07-12T21:00:00Z,D,9.9,D,1.5,D,,,24,24,,5.7,24,D,75
2024-07-13T21:00:00Z,D,11,D,6.3,D,,,24,24,,8.7,24,D,77
2024-07-14T21:00:00Z,D,11.1,D,7.7,D,,,24,24,,9.4,24,D,89
2024-07-15T21:00:00Z,D,11.9,D,7.8,D,,,24,24,,9.9,24,D,99
2024-07-16T21:00:00Z,D,14.3,D,3.5,D,,,24,24,,8.9,24,D,96
2024-07-17T21:00:00Z,D,9.7,D,5.1,D,,,24,24,,7.4,24,D,98
2024-07-18T21:00:00Z,D,12.8,D,5.9,D,,,24,24,,9.4,24,D,95
2024-07-19T21:00:00Z,D,11.3,D,9.2,D,,,24,24,,10.3,24,D,99
2024-07-20T21:00:00Z,D,10.8,D,7.9,D,,,24,24,,9.4,24,D,97
2024-07-21T21:00:00Z,D,12.1,D,8.2,D,,,24,24,,10.2,24,D,98
2024-07-22T21:00:00Z,D,10.9,D,4.9,D,,,24,24,,7.9,24,D,96
2024-07-23T21:00:00Z,D,11.3,D,6.5,D,,,24,24,,8.9,24,D,92
2024-07-24T21:00:00Z,D,11.9,D,6.5,D,,,24,24,,9.2,24,D,89
2024-07-25T21:00:00Z,D,13,D,6.1,D,,,24,24,,9.6,24,D,92
2024-07-26T21:00:00Z,D,12.7,D,1.4,D,,,24,24,,7,24,D,90
2024-07-27T21:00:00Z,D,12.7,D,3.2,D,,,24,24,,8,24,D,93
2024-07-28T21:00:00Z,D,12.3,D,7.4,D,,,24,24,,9.9,24,D,85
2024-07-29T21:00:00Z,D,11.2,D,8.4,D,,,24,24,,9.8,24,D,99
2024-07-30T21:00:00Z,D,11.2,D,6.8,D,,,24,24,,9,24,D,100
2024-07-31T21:00:00Z,D,14.2,D,5.6,D,,,24,24,,9.9,24,D,95
2024-08-01T21:00:00Z,D,8.9,D,5.1,D,,,24,24,,7,24,D,86
2024-08-02T21:00:00Z,D,9.9,D,3.7,D,,,24,24,,6.8,24,D,84
2024-08-03T21:00:00Z,D,9.9,D,5.8,D,,,24,24,,7.9,24,D,80
2024-08-04T21:00:00Z,D,10.2,D,0.9,D,,,24,24,,5.5,24,D,83
2024-08-05T21:00:00Z,D,11.8,D,2,D,,,24,24,,6.9,24,D,84
2024-08-06T21:00:00Z,D,12,D,-0.1,D,,,24,24,,6,24,D,91
2024-08-07T21:00:00Z,D,12.4,D,4.5,D,,,24,24,,8.5,24,D,82
2024-08-08T21:00:00Z,D,10,D,3,D,,,24,24,,6.5,24,D,95
2024-08-09T21:00:00Z,D,11.9,D,5,D,,,24,24,,8.5,24,D,93
2024-08-10T21:00:00Z,D,12.1,D,2.9,D,,,24,24,,7.5,24,D,90
2024-08-11T21:00:00Z,D,12.1,D,5,D,,,24,24,,8.6,24,D,90
2024-08-12T21:00:00Z,D,11.3,D,2.8,D,,,24,24,,7.1,24,D,92
2024-08-13T21:00:00Z,D,11.5,D,3.1,D,,,24,24,,7.3,24,D,79
2024-08-14T21:00:00Z,D,12.3,D,1.2,D,,,24,24,,6.8,24,D,86
2024-08-15T21:00:00Z,D,11.2,D,7.1,D,,,24,24,,9.2,24,D,89
2024-08-16T21:00:00Z,D,10.7,D,7.8,D,,,24,24,,9.3,24,D,97
2024-08-17T21:00:00Z,D,13.2,D,10.2,D,,,24,24,,11.7,24,D,100
2024-08-18T21:00:00Z,D,12.7,D,5.6,D,,,24,24,,9.2,24,D,97
2024-08-19T21:00:00Z,D,9.3,D,3.9,D,,,24,24,,6.6,24,D,91
2024-08-20T21:00:00Z,D,9.6,D,3.5,D,,,24,24,,6.6,24,D,93
2024-08-21T21:00:00Z,D,11.7,D,0.3,D,,,24,24,,6,24,D,91
2024-08-22T21:00:00Z,D,13.3,D,3.2,D,,,24,24,,8.3,24,D,81
2024-08-23T21:00:00Z,D,13.8,D,9.2,D,,,24,24,,11.5,24,D,90
2024-08-24T21:00:00Z,D,11.2,D,2.6,D,,,24,24,,6.9,24,D,98
2024-08-25T21:00:00Z,D,13.4,D,5.2,D,,,24,24,,9.3,24,D,89
2024-08-26T21:00:00Z,D,14.1,D,8.9,D,,,24,24,,11.5,24,D,95
2024-08-27T21:00:00Z,D,14,D,9.3,D,,,24,24,,11.7,24,D,96
2024-08-28T21:00:00Z,D,13.4,D,8.9,D,,,24,24,,11.2,24,D,96
2024-08-29T21:00:00Z,D,13.3,D,7.7,D,,,24,24,,10.5,24,D,98
2024-08-30T21:00:00Z,D,14.3,D,4.8,D,,,24,24,,9.6,24,D,87
2024-08-31T21:00:00Z,D,13.9,D,11.7,D,,,24,24,,12.8,24,D,100
2024-09-01T21:00:00Z,D,16.1,D,2.8,D,,,24,24,,9.5,24,D,90
2024-09-02T21:00:00Z,D,17.8,D,10.8,D,,,24,24,,14.3,24,D,91
2024-09-03T21:00:00Z,D,14.9,D,6.4,D,,,24,24,,10.7,24,D,94
2024-09-04T21:00:00Z,D,12.7,D,3.3,D,,,24,24,,8,24,D,85
2024-09-05T21:00:00Z,D,12.8,D,6.5,D,,,24,24,,9.7,24,D,83
2024-09-06T21:00:00Z,D,13.1,D,7.7,D,,,24,24,,10.4,24,D,92
2024-09-07T21:00:00Z,D,13.7,D,6.7,D,,,24,24,,10.2,24,D,94
2024-09-08T21:00:00Z,D,12.3,D,4.5,D,,,24,24,,8.4,24,D,87
2024-09-09T21:00:00Z,D,13.8,D,8.7,D,,,24,24,,11.3,24,D,85
2024-09-10T21:00:00Z,D,14.3,D,7.2,D,,,24,24,,10.8,24,D,90
2024-09-11T21:00:00Z,D,12.8,D,3.6,D,,,24,24,,8.2,24,D,81
2024-09-12T21:00:00Z,D,11,D,3.5,D,,,24,24,,7.3,24,D,87
2024-09-13T21:00:00Z,D,12.4,D,8.1,D,,,24,24,,10.3,24,D,86
2024-09-14T21:00:00Z,D,13.5,D,7.1,D,,,24,24,,10.3,24,D,99
2024-09-15T21:00:00Z,D,12.5,D,5.2,D,,,24,24,,8.9,24,D,88
2024-09-16T21:00:00Z,D,10.8,D,4.3,D,,,24,24,,7.6,24,D,92
2024-09-17T21:00:00Z,D,9.5,D,2.5,D,,,24,24,,6,24,D,91
2024-09-18T21:00:00Z,D,10.7,D,5.1,D,,,24,24,,7.9,24,D,89
2024-09-19T21:00:00Z,D,12.9,D,5.8,D,,,24,24,,9.4,24,D,91
2024-09-20T21:00:00Z,D,10.9,D,7.4,D,,,24,24,,9.2,24,D,96
2024-09-21T21:00:00Z,D,14.6,D,4.8,D,,,24,24,,9.7,24,D,88
2024-09-22T21:00:00Z,D,16.5,D,8.4,D,,,24,24,,12.5,24,D,90
2024-09-23T21:00:00Z,D,14.3,D,8.9,D,,,24,24,,11.6,24,D,88
2024-09-25T21:00:00Z,D,13.3,D,4,D,,,24,24,,8.7,24,D,80
2024-09-26T21:00:00Z,D,13.9,D,9,D,,,24,24,,11.5,24,D,88
2024-09-27T21:00:00Z,D,10.3,D,4.7,D,,,24,24,,7.5,24,D,82
2024-09-28T20:00:00Z,D,13.9,D,6.1,D,,,24,24,,10,24,D,83
2024-09-29T20:00:00Z,D,13.1,D,4.7,D,,,24,24,,8.9,24,D,84
2024-09-30T20:00:00Z,D,15.5,D,8.2,D,,,24,24,,11.9,24,D,86
2024-10-01T20:00:00Z,D,15.3,D,8.7,D,,,24,24,,12,24,D,88
2024-10-02T20:00:00Z,D,13.5,D,10.5,D,,,24,24,,12,24,D,98
2024-10-03T20:00:00Z,D,13.9,D,2,D,,,24,24,,8,24,D,91
2024-10-04T20:00:00Z,D,14,D,8.3,D,,,24,24,,11.2,24,D,81
2024-10-05T20:00:00Z,D,15.4,D,9.8,D,,,24,24,,12.6,24,D,94
2024-10-06T20:00:00Z,D,14.7,D,10.6,D,,,24,24,,12.7,24,D,97
2024-10-07T20:00:00Z,D,14.8,D,9.9,D,,,24,24,,12.4,24,D,95
2024-10-08T20:00:00Z,D,15.7,D,11,D,,,24,24,,13.4,24,D,85
2024-10-09T20:00:00Z,D,12.3,D,3.2,D,,,24,24,,7.8,24,D,90
2024-10-10T20:00:00Z,D,12.6,D,3.8,D,,,24,24,,8.2,24,D,88
2024-10-11T20:00:00Z,D,13.2,D,6.8,D,,,24,24,,10,24,D,87
2024-10-12T20:00:00Z,D,12.8,D,8.5,D,,,24,24,,10.7,24,D,87
2024-10-13T20:00:00Z,D,14.2,D,4.9,D,,,24,24,,9.6,24,D,92
2024-10-14T20:00:00Z,D,12.7,D,6.2,D,,,24,24,,9.5,24,D,87
2024-10-15T20:00:00Z,D,14.1,D,4.7,D,,,24,24,,9.4,24,D,87
2024-10-16T20:00:00Z,D,16.2,D,3.2,D,,,24,24,,9.7,24,D,82
2024-10-17T20:00:00Z,D,14.5,D,6.8,D,,,24,24,,10.7,24,D,81
2024-10-18T20:00:00Z,D,15.1,D,8.3,D,,,24,24,,11.7,24,D,77
2024-10-19T20:00:00Z,D,15.4,D,8.4,D,,,24,24,,11.9,24,D,82
2024-10-20T20:00:00Z,D,16,D,4.6,D,,,24,24,,10.3,24,D,82
2024-10-21T20:00:00Z,D,16.8,D,8,D,,,24,24,,12.4,24,D,82
2024-10-22T20:00:00Z,D,15.2,D,8.2,D,,,24,24,,11.7,24,D,89
2024-10-23T20:00:00Z,D,15.8,D,9.1,D,,,24,24,,12.5,24,D,90
2024-10-24T20:00:00Z,D,17.8,D,10.9,D,,,24,24,,14.3,24,D,85
2024-10-25T20:00:00Z,D,18.1,D,12.8,D,,,24,24,,15.5,24,D,92
2024-10-26T20:00:00Z,D,15.5,D,10.2,D,,,24,24,,12.9,24,D,100
2024-10-27T20:00:00Z,D,16.4,D,7.3,D,,,24,24,,11.9,24,D,84
2024-10-28T20:00:00Z,D,14.1,D,7.1,D,,,24,24,,10.6,24,D,86
2024-10-29T20:00:00Z,D,15.1,D,6.5,D,,,24,24,,10.8,24,D,92
2024-10-30T20:00:00Z,D,14.3,D,7.2,D,,,24,24,,10.8,24,D,84
2024-10-31T20:00:00Z,D,14.7,D,7.8,D,,,24,24,,11.3,24,D,90
2024-11-01T20:00:00Z,D,16.8,D,9.1,D,,,24,24,,13,24,D,85
2024-11-02T20:00:00Z,D,17,D,6.2,D,,,24,24,,11.6,24,D,85
2024-11-03T20:00:00Z,D,14.4,D,6.2,D,,,24,24,,10.3,24,D,73
2024-11-04T20:00:00Z,D,14.8,D,5.4,D,,,24,24,,10.1,24,D,78
2024-11-05T20:00:00Z,D,15.5,D,9.3,D,,,24,24,,12.4,24,D,83
2024-11-06T20:00:00Z,D,17.5,D,11.2,D,,,24,24,,14.4,24,D,91
2024-11-07T20:00:00Z,D,19.1,D,11.1,D,,,24,24,,15.1,24,D,87
2024-11-08T20:00:00Z,D,18.8,D,11.4,D,,,24,24,,15.1,24,D,90
2024-11-09T20:00:00Z,D,19.1,D,12.6,D,,,24,24,,15.9,24,D,90
2024-11-10T20:00:00Z,D,17.1,D,11.2,D,,,24,24,,14.2,24,D,95
2024-11-11T20:00:00Z,D,16.7,D,9.4,D,,,24,24,,13.1,24,D,87
2024-11-12T20:00:00Z,D,18.2,D,10.9,D,,,24,24,,14.6,24,D,85
2024-11-13T20:00:00Z,D,17.1,D,12.2,D,,,24,24,,14.7,24,D,92
2024-11-14T20:00:00Z,D,15.2,D,13.6,D,,,24,24,,14.4,24,D,98
2024-11-15T20:00:00Z,D,15.8,D,10.2,D,,,24,24,,13,24,D,100
2024-11-16T20:00:00Z,D,16.6,D,6.5,D,,,24,24,,11.6,24,D,81
2024-11-17T20:00:00Z,D,16.6,D,7.7,D,,,24,24,,12.2,24,D,79
2024-11-18T20:00:00Z,D,16,D,6,D,,,24,24,,11,24,D,73
2024-11-19T20:00:00Z,D,17.6,D,5.7,D,,,24,24,,11.7,24,D,77
2024-11-20T20:00:00Z,D,16.6,D,8.9,D,,,24,24,,12.8,24,D,86
2024-11-21T20:00:00Z,D,14.9,D,4.7,D,,,24,24,,9.8,24,D,84
2024-11-22T20:00:00Z,D,15.7,D,8.4,D,,,24,24,,12,24,D,75
2024-11-23T20:00:00Z,D,14.7,D,8.4,D,,,24,24,,11.5,24,D,90
2024-11-24T20:00:00Z,D,16.6,D,7.8,D,,,24,24,,12.2,24,D,79
2024-11-25T20:00:00Z,D,15.9,D,10.5,D,,,24,24,,13.2,24,D,87
2024-11-26T20:00:00Z,D,16.3,D,10.7,D,,,24,24,,13.5,24,D,96
2024-11-27T20:00:00Z,D,19.8,D,11.9,D,,,24,24,,15.8,24,D,89
2024-11-28T20:00:00Z,D,20.4,D,11.2,D,,,24,24,,15.8,24,D,87
2024-11-29T20:00:00Z,D,20.2,D,13.8,D,,,24,24,,17,24,D,88
2024-11-30T20:00:00Z,D,16.5,D,12.1,D,,,24,24,,14.3,24,D,100
2024-12-01T20:00:00Z,D,16.6,D,12.2,D,,,24,24,,14.4,24,D,97
2024-12-02T20:00:00Z,D,21.4,D,12.5,D,,,24,24,,17,24,D,90
2024-12-03T20:00:00Z,D,21.1,D,10.4,D,,,24,24,,15.8,24,D,88
2024-12-04T20:00:00Z,D,,,13.6,D,,,,24,,,24,D,
2024-12-05T20:00:00Z,D,22,D,11.8,D,,,24,24,,16.9,24,D,83
2024-12-06T20:00:00Z,D,21.3,D,10,D,,,24,24,,15.7,24,D,82
2024-12-07T20:00:00Z,D,20.9,D,9.8,D,,,24,24,,15.4,24,D,81
2024-12-08T20:00:00Z,D,19.3,D,14.7,D,,,24,24,,17,24,D,88
2024-12-09T20:00:00Z,D,19.6,D,11.5,D,,,24,24,,15.6,24,D,94
2024-12-10T20:00:00Z,D,20,D,8.5,D,,,24,24,,14.3,24,D,82
2024-12-11T20:00:00Z,D,20.9,D,15.4,D,,,24,24,,18.2,24,D,87
2024-12-12T20:00:00Z,D,18.6,D,14.4,D,,,24,24,,16.5,24,D,97
2024-12-13T20:00:00Z,D,21,D,13,D,,,24,24,,17,24,D,86
2024-12-14T20:00:00Z,D,24.8,D,11.3,D,,,24,24,,18.1,24,D,83
2024-12-15T20:00:00Z,D,25.1,D,13.8,D,,,24,24,,19.5,24,D,81
2024-12-16T20:00:00Z,D,17.5,D,13.5,D,,,24,24,,15.5,24,D,96
2024-12-17T20:00:00Z,D,22,D,8.2,D,,,24,24,,15.1,24,D,65
2024-12-18T20:00:00Z,D,22.7,D,12.5,D,,,24,24,,17.6,24,D,64
2024-12-19T20:00:00Z,D,23.3,D,11.4,D,,,24,24,,17.3,24,D,70
2024-12-20T20:00:00Z,D,20.1,D,13,D,,,24,24,,16.6,24,D,86
2024-12-21T20:00:00Z,D,21,D,13.7,D,,,24,24,,17.4,24,D,89
2024-12-22T20:00:00Z,D,22.4,D,13.7,D,,,24,24,,18.1,24,D,84
2024-12-23T20:00:00Z,D,20.4,D,14,D,,,24,24,,17.2,24,D,90
2024-12-24T20:00:00Z,D,22.4,D,9.1,D,,,24,24,,15.8,24,D,79
2024-12-25T20:00:00Z,D,21.1,D,13.3,D,,,24,24,,17.2,24,D,84
2024-12-26T20:00:00Z,D,19.4,D,13.3,D,,,24,24,,16.4,24,D,90
2024-12-27T20:00:00Z,D,21.4,D,10.1,D,,,24,24,,15.8,24,D,65
2024-12-28T20:00:00Z,D,21.1,D,12.7,D,,,24,24,,16.9,24,D,79
2024-12-29T20:00:00Z,D,24.2,D,12.9,D,,,24,24,,18.6,24,D,80
2024-12-30T20:00:00Z,D,22,D,11.2,D,,,24,24,,16.6,24,D,86
2024-12-31T20:00:00Z,D,17.3,D,11,D,,,24,24,,14.2,24,D,79
2025-01-01T20:00:00Z,D,20.5,D,12.8,D,,,24,24,,16.7,24,D,85
2025-01-02T20:00:00Z,D,19.9,D,11.2,D,,,24,24,,15.5,24,D,83
2025-01-03T20:00:00Z,D,20.7,D,10.7,D,,,24,24,,15.7,24,D,83
2025-01-04T20:00:00Z,D,19.3,D,10.8,D,,,24,24,,15,24,D,79
2025-01-05T20:00:00Z,D,18.8,D,8.8,D,,,24,24,,13.8,24,D,80
2025-01-06T20:00:00Z,D,20.6,D,10.7,D,,,24,24,,15.7,24,D,76
2025-01-07T20:00:00Z,D,21.1,D,11.7,D,,,24,24,,16.4,24,D,77
2025-01-08T20:00:00Z,D,19.9,D,12.3,D,,,24,24,,16.1,24,D,90
2025-01-09T20:00:00Z,D,22.5,D,11.2,D,,,24,24,,16.9,24,D,75
2025-01-10T20:00:00Z,D,21.1,D,8.7,D,,,24,24,,14.9,24,D,77
2025-01-11T20:00:00Z,D,22.4,D,10.4,D,,,24,24,,16.4,24,D,73
2025-01-12T20:00:00Z,D,21.6,D,9,D,,,24,24,,15.3,24,D,64
2025-01-13T20:00:00Z,D,20.8,D,10.4,D,,,24,24,,15.6,24,D,76
2025-01-14T20:00:00Z,D,21.7,D,12.1,D,,,24,24,,16.9,24,D,79
2025-01-15T20:00:00Z,D,23.7,D,8.4,D,,,24,24,,16.1,24,D,77
2025-01-16T20:00:00Z,D,23.1,D,14.5,D,,,24,24,,18.8,24,D,75
2025-01-17T20:00:00Z,D,20.3,D,13.4,D,,,24,24,,16.8,24,D,79
2025-01-18T20:00:00Z,D,21.6,D,13.2,D,,,24,24,,17.4,24,D,74
2025-01-19T20:00:00Z,D,22.7,D,13.8,D,,,24,24,,18.3,24,D,73
2025-01-20T20:00:00Z,D,18.9,D,13.1,D,,,24,24,,16,24,D,86
2025-01-21T20:00:00Z,D,18.1,D,14.4,D,,,24,24,,16.3,24,D,92
2025-01-22T20:00:00Z,D,22.9,D,15,D,,,24,24,,19,24,D,85
2025-01-23T20:00:00Z,D,22,D,13.5,D,,,24,24,,17.8,24,D,84
2025-01-24T20:00:00Z,D,22.6,D,12,D,,,24,24,,17.3,24,D,86
2025-01-25T20:00:00Z,D,22.9,D,16.3,D,,,24,24,,19.6,24,D,88
2025-01-26T20:00:00Z,D,19.1,D,13.8,D,,,24,24,,16.5,24,D,97
2025-01-27T20:00:00Z,D,20.6,D,8.5,D,,,24,24,,14.6,24,D,76
2025-01-28T20:00:00Z,D,21.4,D,13.3,D,,,24,24,,17.4,24,D,82
2025-01-29T20:00:00Z,D,21.8,D,13.5,D,,,24,24,,17.7,24,D,88
2025-01-30T20:00:00Z,D,23.7,D,13.7,D,,,24,24,,18.7,24,D,79
2025-01-31T20:00:00Z,D,24.2,D,11.8,D,,,24,24,,18,24,D,83
2025-02-01T20:00:00Z,D,24.1,D,14.1,D,,,24,24,,19.1,24,D,85
2025-02-02T20:00:00Z,D,25.9,D,14.1,D,,,24,24,,20,24,D,82
2025-02-03T20:00:00Z,D,22.4,D,13.8,D,,,24,24,,18.1,24,D,88
2025-02-04T20:00:00Z,D,25,D,11.7,D,,,24,24,,18.4,24,D,83
2025-02-05T20:00:00Z,D,23.7,D,12.5,D,,,24,24,,18.1,24,D,81
2025-02-06T20:00:00Z,D,24.5,D,11.2,D,,,24,24,,17.9,24,D,84
2025-02-07T20:00:00Z,D,22.7,D,15,D,,,24,24,,18.9,24,D,81
2025-02-08T20:00:00Z,D,24.1,D,15.1,D,,,24,24,,19.6,24,D,81
2025-02-09T20:00:00Z,D,25.2,D,14.6,D,,,24,24,,19.9,24,D,82
2025-02-10T20:00:00Z,D,23.4,D,14.8,D,,,24,24,,19.1,24,D,90
2025-02-11T20:00:00Z,D,24.8,D,12.8,D,,,24,24,,18.8,24,D,81
2025-02-12T20:00:00Z,D,23.7,D,10.5,D,,,24,24,,17.1,24,D,78
2025-02-13T20:00:00Z,D,22.8,D,14.7,D,,,24,24,,18.8,24,D,84
2025-02-14T20:00:00Z,D,22.1,D,13.9,D,,,24,24,,18,24,D,84
2025-02-15T20:00:00Z,D,19.8,D,14.4,D,,,24,24,,17.1,24,D,81
2025-02-16T20:00:00Z,D,19.3,D,15.5,D,,,24,24,,17.4,24,D,91
2025-02-17T20:00:00Z,D,20.3,D,16.4,D,,,24,24,,18.3,24,D,98
2025-02-18T20:00:00Z,D,24,D,14.4,D,,,24,24,,19.2,24,D,88
2025-02-19T20:00:00Z,D,23.9,D,15.7,D,,,24,24,,19.8,24,D,90
2025-02-20T20:00:00Z,D,25.3,D,15.6,D,,,24,24,,20.5,24,D,87
2025-02-21T20:00:00Z,D,22.4,D,12.2,D,,,24,24,,17.3,24,D,75
2025-02-22T20:00:00Z,D,21.9,D,11.7,D,,,24,24,,16.8,24,D,78
2025-02-23T20:00:00Z,D,22.6,D,10.9,D,,,24,24,,16.8,24,D,79
2025-02-24T20:00:00Z,D,24.3,D,11.4,D,,,24,24,,17.8,24,D,77
2025-02-25T20:00:00Z,D,24.1,D,9.7,D,,,24,24,,16.9,24,D,85
2025-02-26T20:00:00Z,D,23.2,D,13.4,D,,,24,24,,18.3,24,D,79
2025-02-27T20:00:00Z,D,23.6,D,12.3,D,,,24,24,,18,24,D,83
2025-02-28T20:00:00Z,D,24.2,D,15.8,D,,,24,24,,20,24,D,83
2025-03-01T20:00:00Z,D,23.5,D,12.7,D,,,24,24,,18.1,24,D,90
2025-03-02T20:00:00Z,D,24.1,D,13.9,D,,,24,24,,19,24,D,81
2025-03-03T20:00:00Z,D,23,D,13.8,D,,,24,24,,18.4,24,D,84
2025-03-04T20:00:00Z,D,19.7,D,11.5,D,,,24,24,,15.6,24,D,91
2025-03-05T20:00:00Z,D,21,D,7.3,D,,,24,24,,14.2,24,D,65
2025-03-06T20:00:00Z,D,19.7,D,5.3,D,,,24,24,,12.5,24,D,70
2025-03-07T20:00:00Z,D,21,D,9.6,D,,,24,24,,15.3,24,D,73
2025-03-08T20:00:00Z,D,19.8,D,11.8,D,,,24,24,,15.8,24,D,83
2025-03-09T20:00:00Z,D,23.1,D,11.6,D,,,24,24,,17.4,24,D,60
2025-03-10T20:00:00Z,D,21.1,D,7.2,D,,,24,24,,14.2,24,D,73
2025-03-11T20:00:00Z,D,20.9,D,12.6,D,,,24,24,,16.8,24,D,78
2025-03-12T20:00:00Z,D,20.2,D,8.6,D,,,24,24,,14.4,24,D,89
2025-03-13T20:00:00Z,D,19.7,D,7.9,D,,,24,24,,13.8,24,D,86
2025-03-14T20:00:00Z,D,22.9,D,9.4,D,,,24,24,,16.2,24,D,78
2025-03-15T20:00:00Z,D,23,D,9.3,D,,,24,24,,16.2,24,D,79
2025-03-16T20:00:00Z,D,23.2,D,14,D,,,24,24,,18.6,24,D,83
2025-03-17T20:00:00Z,D,20.5,D,15.2,D,,,24,24,,17.9,24,D,96
2025-03-18T20:00:00Z,D,20.3,D,8.4,D,,,24,24,,14.3,24,D,92
2025-03-19T20:00:00Z,D,16.6,D,10.5,D,,,24,24,,13.6,24,D,93
2025-03-20T20:00:00Z,D,21.2,D,12.7,D,,,24,24,,17,24,D,72
2025-03-21T20:00:00Z,D,23.1,D,8.9,D,,,24,24,,16,24,D,81
2025-03-22T20:00:00Z,D,22.4,D,10.9,D,,,24,24,,16.7,24,D,83
2025-03-23T20:00:00Z,D,22.1,D,12.2,D,,,24,24,,17.2,24,D,83
2025-03-24T20:00:00Z,D,21.4,D,10.5,D,,,24,24,,16,24,D,89
2025-03-25T20:00:00Z,D,24.1,D,12.7,D,,,24,24,,18.4,24,D,86
2025-03-26T20:00:00Z,D,22,D,12,D,,,24,24,,17,24,D,86
2025-03-27T20:00:00Z,D,22,D,13.1,D,,,24,24,,17.6,24,D,86
2025-03-28T20:00:00Z,D,20.8,D,10.9,D,,,24,24,,15.8,24,D,88
2025-03-29T20:00:00Z,D,19.4,D,11.4,D,,,24,24,,15.4,24,D,90
2025-03-30T20:00:00Z,D,21.6,D,7.7,D,,,24,24,,14.7,24,D,85
2025-03-31T20:00:00Z,D,21.2,D,12,D,,,24,24,,16.6,24,D,84
2025-04-01T20:00:00Z,D,21.5,D,14.5,D,,,24,24,,18,24,D,86
2025-04-02T20:00:00Z,D,17.7,D,14.8,D,,,24,24,,16.3,24,D,91
2025-04-03T20:00:00Z,D,16.9,D,14.1,D,,,24,24,,15.5,24,D,99
2025-04-04T20:00:00Z,D,19,D,15,D,,,24,24,,17,24,D,100
2025-04-05T21:00:00Z,D,20.5,D,8.9,D,,,24,24,,14.7,24,D,92
2025-04-06T21:00:00Z,D,20.3,D,13.3,D,,,24,24,,16.8,24,D,89
2025-04-07T21:00:00Z,D,18.9,D,12.8,D,,,24,24,,15.9,24,D,91
2025-04-08T21:00:00Z,D,17.5,D,9.2,D,,,24,24,,13.4,24,D,90
2025-04-09T21:00:00Z,D,17.5,D,5.8,D,,,24,24,,11.7,24,D,78
2025-04-10T21:00:00Z,D,18.4,D,6.2,D,,,24,24,,12.3,24,D,82
2025-04-11T21:00:00Z,D,19.1,D,8.1,D,,,24,24,,13.6,24,D,84
2025-04-12T21:00:00Z,D,20,D,10.7,D,,,24,24,,15.4,24,D,77
